stainability,1
reservoir,1
resupport,1
caboclo,1
guemal,1
senoritas,1
datisca,1
mimus,1
snipping,1
epepophysial,1
mistutor,1
compendiously,1
transceive,1
pteris,1
strickled,1
sudburite,1
hebraism,1
liquorist,1
pachycarpous,1
gladded,1
unpermeated,1
washingtoniana,1
nonconductors,1
indoin,1
renounceable,1
angia,1
fags,1
unincensed,1
acetometer,1
stitcher,1
sibilatory,1
hypocarpogean,1
anaematosis,1
disyllabize,1
injun,1
increasable,1
mannitose,1
prevolunteer,1
cherely,1
anury,1
infulae,1
indiscerptibleness,1
waffness,1
caids,1
delimitated,1
tithonicity,1
footwork,1
offuscate,1
unmarching,1
replenishers,1
brattach,1
introverts,1
loob,1
neurual,1
lissomeness,1
uplay,1
rapido,1
poignado,1
thyroarytenoideus,1
sevier,1
semioriental,1
democratizer,1
untithability,1
chien,1
bloodcurdler,1
hated,1
quadruplication,1
imbreviating,1
obstructionists,1
equivoluminal,1
mystes,1
exstimulate,1
ismailite,1
huffier,1
synarthroses,1
urodeles,1
suites,1
quadrisect,1
allegement,1
neumic,1
mustulent,1
postappendicular,1
amphiaster,1
coelenterate,1
amorettos,1
acceptancies,1
trooz,1
eminently,1
moorlander,1
sheer,1
paving,1
bailsman,1
vinetta,1
denticulate,1
nonlegitimate,1
scrit,1
siffle,1
popocracy,1
lulav,1
tobaccosim,1
impartment,1
nonspiral,1
flutterer,1
bleareye,1
plashier,1
kneepads,1
unarousable,1
tailbone,1
brickier,1
syndesmectopia,1
ungroveling,1
slojds,1
handhold,1
linaloe,1
exsertile,1
fagotings,1
dextrinate,1
tenderish,1
nonincandescent,1
wastes,1
headlongwise,1
openairish,1
ungainly,1
chapped,1
onerosity,1
nucivorous,1
crumblet,1
germinant,1
doubtmonger,1
sparsedly,1
examens,1
decolourisation,1
unperspiring,1
baldricks,1
meq,1
racemized,1
epitasis,1
larick,1
embryonic,1
intracranial,1
spermatogonium,1
epitomiser,1
alniviridol,1
vectorial,1
afterthrift,1
formularise,1
enchodontoid,1
perilously,1
ascones,1
excoriating,1
tortilla,1
colormaker,1
accubation,1
zaparo,1
disastrously,1
antimephitic,1
unvivaciousness,1
acrotrophic,1
uncolonize,1
corporas,1
spectrocomparator,1
palaeonemertinea,1
biabo,1
prophage,1
ainu,1
uncrisp,1
monoplacular,1
coachmanship,1
potteries,1
chylopericardium,1
testudines,1
hypsodontism,1
unloaned,1
nonsoldier,1
hyposensitize,1
rethreaten,1
releasible,1
unaltruistic,1
unsubmersible,1
shoescraper,1
womplit,1
jawfall,1
gelastocoridae,1
winnower,1
unlamed,1
kilobyte,1
corycavidine,1
rugal,1
repeg,1
tubulibranch,1
martiality,1
chayotes,1
slumberproof,1
saberproof,1
unmotorized,1
chokeweed,1
interaxillary,1
peonage,1
stackgarth,1
exhaustable,1
